0	reveal a secret	1
0	Lack of sufficient support was fatal to his campaign.	6
0	Lack of sufficient support was fatal to his campaign.	6
0	a fatal crash	2
0	the fatal flaw in this dazzling woman: a total lack of taste	2
0	a fatal wound	2
0	a fatal disease	2
0	scissors with blunt ends	3
0	She tends to be blunt.	5
0	gave her bangs a blunt cut just above her eyebrows	5
0	was hit over the head with a blunt instrument	8
0	a blood vessel that collapsed	5
0	… his case had collapsed in a mass of legal wreckage …	5
0	a hefty football player	2
0	gripped the door handle	1
0	a story that grips the reader	4
0	She thought about retiring, but she finally decided to stay on for a few more years.	10
0	I have to stay on the antibiotics for a full two weeks.	4
0	After she graduated, she stayed on at the college, working in the alumnae office.	5
0	bright lights	1
0	brightest star of the opera	1
0	bright eyes	1
0	the planets in their courses	5
0	a vocational school	2
0	deserves another chance	1
0	a mirror reflects light	3
0	the clouds were reflected in the water	4
0	seesaw between two activities	1
0	impostors that haunt the official in foreign ports	3
0	spends a lot of time haunting bookstores	6
0	problems we ignore now will come back to haunt us	9
0	an exploited resource	2
0	He dedicated his life to improving the wages and working conditions of one of the nation's poorest and most exploited groups of workers …	20
0	When a system becomes victim to an exploited vulnerability or an intruder, its behavior often changes.	8
0	Pescatarians … are forgetting the fact that fish are the most exploited species on our planet.	12
0	desk-bound	1
0	duty-bound	1
0	She accompanied me to the store.	2
0	He will be accompanying her on the piano.	4
0	everything in neat arrangement	4
0	a blood vessel that collapsed	5
0	… his case had collapsed in a mass of legal wreckage …	5
0	a movement now regarded as a footnote to architectural history	7
0	here since the foundation of the school	4
0	the foundations of geometry	2
0	the dramatic flourishes which are the hallmark of the trial lawyer	7
0	a vegetable plot	3
0	couldn't reach the apple	2
0	a wide area	2
0	3 feet wide	3
0	figured muslin	1
0	figured wood	1
0	Employees are looking for some clarity understanding{/gloss} on the company's new policies.	6
0	Employees are looking for some clarity understanding{/gloss} on the company's new policies.	6
0	Mr. Darlington writes with wit and clarity.	7
0	The next time you hire a sitter babysitter{/gloss}, remind your daughter what happened the last time and let her know that you are only a phone call away.	7
0	The next time you hire a sitter babysitter{/gloss}, remind your daughter what happened the last time and let her know that you are only a phone call away.	7
0	a sitter for enemy submarines	2
0	her habit of taking a morning walk	2
0	got up early from force of habit	7
0	a terse summary	2
0	dismissed me with a terse "no"	5
0	scenes etched in our minds	2
0	the machinery of government	2
0	her stunned reaction to the news	3
0	attack an enemy fortification	1
0	a politician verbally attacked by critics	4
0	a dictionary belongs in every home	3
0	repay a loan	1
0	a foray into enemy territory	2
0	the novelist's foray into nonfiction	3
0	attempted sneak and surprise forays	5
0	loosened his tie	1
0	money earmarked for education	2
0	the height, breadth, and depth of each piece of furniture	3
0	begin with a breadth of silk	4
0	nailed boards over the windows	2
0	Pin the photo to the board.	6
0	made my position on the issue clear	3
0	defend the castle from invaders	1
0	which God defend that I should wring from him	3
0	measured by the yardstick of her first book	4
0	a decrepit old man	2
0	a decrepit school bus	2
0	the effete monarchies … of feudal Europe	2
0	a hearty constitution	3
0	doesn't allow people to smoke in his home	2
0	allow an hour for lunch	1
0	The criminals avoided/eluded/escaped capture.	4
0	… authorities increased the reward for information leading to his capture …	11
0	argue for a new policy	1
0	They're always arguing about money.	3
0	always felt inferior to his older brother	3
0	reinforce levees	1
0	reinforce our troops	1
0	reinforce ideas	1
0	reinforce the elbows of a jacket	1
0	At length the cat steps halfway out the door, showing his spotted brown coat and the stripes on his legs.	6
0	bend a bow	1
0	bend a pipe	1
0	… Grand Cayman offers a plethora of bustling restaurants, ritzy resorts and comfortable condos …	6
0	… a world whose credibility is threatened by the meaningless plethora of material goods it goes on producing.	11
0	She still talks about your wedding and how perfect it was.	3
0	We were talking about last night's game.	3
0	a foray into enemy territory	2
0	the novelist's foray into nonfiction	3
0	attempted sneak and surprise forays	5
0	a sweaty day	2
0	sweaty socks	1
0	sweaty work	1
0	The takeaway is clear: cats are a growing environmental concern because they are driving down some native bird populations …	2
0	One of the main takeaways stressed by the panelists was that social media is about conversation, not just dissemination.	5
0	salubrious habits	1
0	"… You have both always had large private means, and have never had the wholesome discipline of work."	15
0	his wholesome good looks	2
0	uninhibited exuberance	1
0	a festive uninhibited party	3
0	in another incarnation he might be a first vice-president	3
0	a very odd way to show gratitude	3
0	worked at odd jobs	3
0	diminish an army's strength	1
0	diminish a rival's accomplishments	1
0	His role in the company was diminished.	7
0	a political minefield	3
0	was bludgeoned to death	2
0	mental bludgeoning	2
0	reassuring news	1
0	"Of course you can come," said Kit, stooping to give the child a reassuring hug.	14
0	a reassuring smile/response	2
0	This is a side of her character that few people have seen.	7
0	a character in a play	2
0	granite stones harsh with lichen	3
0	harsh colors	1
0	broke a plate	1
0	break the law	1
0	Break the chocolate bar in half.	1
0	They were curious as to who won the game.	3
0	a curious coincidence	2
0	The cat was curious about its new environment.	4
0	a political minefield	3
0	a tree-lined street	2
0	The moon highlighted the tree tops.	3
0	The speech will highlight the need for education reform.	4
0	Outdoor lighting is an important part of any garden design, providing ambiance and highlighting key features like plants, water features, and walkways.	14
0	a brilliant light	2
0	a brilliant example	2
0	buried their pet rabbit in the backyard	1
0	a dog burying a bone	3
0	was buried with full military honors	2
0	maintain machinery	1
0	maintain a position	1
0	an absorbing novel	2
0	an army of birds	2
0	a wine cave	3
0	put the book on the table	1
0	put traitors to death	1
0	kept her room neat	4
0	a neat trick	2
0	reckon the days till Christmas	1
0	fantastic works of art	1
0	She aims to win.	2
0	Aim carefully before shooting.	1
0	replace cards in a file	1
0	reverse order	1
0	sailing toward the horizon	4
0	arrange flowers in a vase	1
0	arranged a reception for the visitor	1
0	arrange cards alphabetically	1
0	a plumbing fixture	3
0	Fire consumed several buildings.	2
0	consumed his inheritance on luxuries	1
0	The conflagration between the two countries lasted for ten years.	2
0	The conflagration destroyed the warehouses.	2
0	discordant opinions	1
0	a discordant tone	2
0	lost his glove	1
0	protesters were chanting outside	3
0	was in wretched health	3
0	half a dozen eggs	1
0	will ruin your chances of promotion	2
0	admits no possibility of misunderstanding	1
0	an open window had admitted rain	5
0	his sentences and phrases are too often pedestrian, commonplace, and flat	8
0	pedestrian traffic	1
0	"To Thee I do commend my watchful soul / Ere I let fall the windows of mine eyes."	5
0	Your proposal has much to commend it.	6
0	… she habited herself in a peculiarly becoming dress of white linen …	3
0	It is the nature of such pedantry to habit itself in a harsh and crabbed style.	9
0	… its efforts were supported by the cavalry which … compensated for the infantry's lack of mobility.	17
0	A large body of academic research shows that inequality and lack of social mobility hurt not just those at the bottom; they hurt everyone.	14
0	… it becomes cost-effective and socially advantageous to provide urban mobility by means of metros: urban rail mass transit systems on exclusive rights-of-way.	11
0	a swift runner	2
0	a swift transition	2
0	encapsulated water bacteria	1
0	She taught him how to sing harmony.	7
0	a painting exhibiting harmony of color and line	4
0	She glanced backward over her shoulder.	3
0	Count backward from 10.	2
0	a suspicion that she scarcely dared to hint	8
0	She's been gifted with a beautiful voice.	3
0	It makes an excellent choice whether you're gifting one bottle for the honeymoon or a case to be savored for years, or even decades, to come.	8
0	was recalled to active duty	2
0	her performance is the film's redeeming feature	6
0	sly remarks to pique their curiosity	4
0	what piques linguistic conservatives	2
0	jousting debaters	1
0	pocketed the change	1
0	a steep rocky peak	4
0	The cap's peak shades his eyes.	3
0	gripped the door handle	1
0	a story that grips the reader	4
0	the accession of a new queen	2
0	the museum's latest accessions	4
0	Queen Victoria's accession to the throne/crown occurred in 1837.	3
0	a politician's accession to power	3
0	flopped into the chair	1
0	hopes to go to Heaven when she dies	5
0	a hardworking young woman	2
0	Our students have to be very hardworking and committed. They put in long hours. …	7
0	a shy and withdrawn child	4
0	fruitful soil	1
0	a fruitful discussion	2
0	exchanging future security for immediate pleasure	1
0	a dogged competitor	2
0	dogged devotion	1
0	didn't exercise good judgment	2
0	exercise a muscle	1
0	got no farther than the first page	3
0	see to it that I do not have to act any farther in the matter	12
0	nothing could be farther from the truth	4
0	Sid snored on. Tom was aggravated. He said, "Sid, Sid!" and shook him.	6
0	aggravated manslaughter	1
0	The maid sounded very aggravated.	5
0	an evil impulse	2
0	brotherly love	1
0	kept a tight rein on the proceedings	4
0	cast a fishing lure	1
0	cast dice	1
0	We led out more rope and fixed it in place up steeper snow.	7
0	fixes his eyes on the horizon	1
0	the tree always yields good fruit	4
0	buoy an anchor	1
0	a raft buoyed by empty oil drums	3
0	a dramatic actor	2
0	a dramatic story	2
0	… offers an outstanding vocal and dramatic performance …	7
0	… has earned three Oscar nominations for his dramatic roles …	9
0	controlled drugs	1
0	conduct a class	1
0	conduct a class	1
0	conduct an opera	1
0	conduct an experiment	1
0	conducted herself in a professional manner	1
0	conduct an investigation	1
0	conduct a business	1
0	Storm clouds loomed on the horizon.	3
0	deficits loomed large	2
0	fading flowers	1
0	The fabrics faded in the strong sunshine.	3
0	Our narcissistic culture has turned us into a nation of body-image "junkies" using everything in our power to carve, reshape, remold, and recast our bodies' natural shapes and processes so that they are better fitted to our desires.	2
0	Our narcissistic culture has turned us into a nation of body-image "junkies" using everything in our power to carve, reshape, remold, and recast our bodies' natural shapes and processes so that they are better fitted to our desires.	2
0	He was a very narcissistic man, not too concerned with the world.	5
0	But when a mother's narcissistic needs are so great that she cannot relate to her child as he really is, she loves her child as a self-object—that is, as someone put on this earth to meet her needs.	5
0	a prose style stripped to the bones	4
0	threadbare clothes	1
0	handy with a hammer as well as with a paintbrush	1
0	struggling with the problem	1
0	struggled through the high grass	1
0	Paella, once the lowly meal of farmers … has indeed evolved into a very sumptuous one-dish meal …	4
0	a lowly task	2
0	It's easy to overlook the lowly alphabet book.	6
0	bushes sprawling along the road	2
0	an actor currently starring in a hit Broadway show	4
0	In the fall of 1925, Elkins starred on the gridiron …	7
0	Tequila and blood oranges star in this Margarita, which gets a spicy kick from homemade jalapeño syrup.	5
0	troubled feelings about the decision	1
0	our troubled cities	2
0	The composer orchestrated the music for the symphony orchestra.	3
0	orchestrated preparations for the banquet	1
0	defeated their archrivals in the championship game	1
0	defeat a hope	1
0	The bill was defeated in the Senate.	4
0	retune an engine	1
0	a guitar/string that constantly needs to be retuned	8
0	succumb to temptation	1
0	green fields	1
0	a short vacation	2
0	boosted him up over the fence	1
0	plans to boost production	3
0	dazzling lights	1
0	a dazzling achievement/performance	2
0	a dazzling display of talent	2
0	mix a drink at the bar	1
0	wore a rabbit's foot as a good-luck charm	8
0	a remote region accessible by rail	4
0	information that should be accessible to everyone	5
0	fashions at accessible prices	3
0	She aims to win.	2
0	Aim carefully before shooting.	1
0	Every spring the National Football League conducts that most cherished of American rituals, the college draft. A couple of months before the event, prospective players show off their abilities in an athletic audition known as the combine.	37
0	… Grumman Corp. lost the advanced tactical aircraft contract to the combine of McDonnell Douglas and General Dynamics.	12
0	exploded in anger	1
0	hunt buffalo	1
0	hunted the escapees	1
0	a catalyst poison	3
0	dismiss the visitors	1
0	He was dismissed fired{/gloss} from his job.	3
0	Class is dismissed.	3
0	an insatiable appetite for work	3
0	He has a hearty appetite.	5
0	He was hit by a car.	3
0	The tank was hit by enemy fire.	4
0	His mom told him to stop hitting his sister.	7
0	She accidentally hit her head getting into the car.	3
0	a rational understanding of the laws of nature can quench impossible desires	10
0	a rational understanding of the laws of nature can quench impossible desires	10
0	drying her hair	1
0	lascivious acts/thoughts	1
0	… crude and lascivious remarks …	4
0	arrested for lewd and lascivious assault	5
0	swirling water	1
0	oily rags	1
0	laces her fingers behind her head	1
0	a ritual dance	2
0	ritual purity	1
0	The novices spend part of each day in prayer and meditation.	2
0	stressing the equipment	1
0	this traffic is stressing me out	4
0	a man of dignified bearing	5
0	a woman past bearing	4
0	… a confident and cheerful bearing.	6
0	fans lingered outside the door	2
0	lingering doubts	1
0	a ticklish subject	2
0	The novices spend part of each day in prayer and meditation.	2
0	a venerable jazz musician	2
0	encouraged by the venerable doctor's head-nodding	4
0	dictate for the stenographer	1
0	resents being dictated to	3
0	plan a new layout	1
0	planned their escape	1
0	Some jurisdictions are so overwhelmed that they are experimenting with routing school-children into specially designed courts that would keep first-time offenders from being saddled with an arrest record.	5
0	When he first appeared in full regalia, I was overwhelmed.	10
0	"We were overwhelmed," said John Robinson, the Rams' coach. "Clearly dominated."	3
0	Only three Coast Guard rescue helicopters had managed to get into the air, and each was already overwhelmed by dozens of calls for help.	18
0	explain the secret of your success	1
0	unable to explain his strange conduct	3
0	arrange flowers in a vase	1
0	arranged a reception for the visitor	1
0	arrange cards alphabetically	1
0	The museum attracts visitors.	3
0	The museum attracts visitors.	3
0	an organization staffed by volunteers	3
0	pointing a pencil with a knife	1
0	stretched out her arms	1
0	a querulous voice	2
0	St. Andrew is commemorated on November 30.	4
0	commemorate an anniversary	1
0	an unruly crowd	2
0	a mane of unruly hair	4
0	a cacophony of color	2
0	heroic legends	1
0	It was a heroic decision.	4
0	the heroic age	2
0	prideful	1
0	peaceful	1
0	wheeled vehicles	1
0	wheeled traffic	1
0	Much as we try, we can't stop humanizing our horses.	8
0	Lincoln forged a new lean language to humanize and redeem the first modern war.	8
0	tried to gather a crowd	3
0	gather flowers	1
0	gathered firewood	1
0	people of slender means	3
0	bold settlers on some foreign shore	1
0	punishing a bold child for talking back	3
0	The price of the stock declined.	6
0	his health declined	3
0	astronomical observations	1
0	astronomical numbers	1
0	a defrocked priest	2
0	an advertising blitz	3
0	constructed a mythical all-star team	3
0	a tragic mistake	2
0	the tragic significance of the atomic bomb	2
0	a civil rights icon	4
0	Rosie the Riveter, a WWII [World War II] cultural icon with her blue jumpsuit and red bandana, represented the women who went to work at manufacturing hubs across the nation …	10
0	… Purple Rain, the flick that established Prince as a pop icon and cineaste.	12
0	an actor and fashion icon	5
0	The king graced him with the rank of a knight.	3
0	graveled walks graced with statues	3
0	transpose letters to change the spelling	1
0	Each facet of the problem requires careful attention.	2
0	a dormitory with a shared living area	5
0	Despite the shared memory, the PC performed relatively well …	3
0	shared responsibilities	1
0	shared equity	1
0	Charlie Stuart represents a new breed of motorcyclists who are erasing the stereotypical black-leather-jacket, tough-guy image that plagued motorcyclists since the violent Hollywood productions of the Fifties.	13
0	His book concedes that progress has been made in a sheerly numerical sense, but it argues that overall the black presence on television has been an endless recycling of a passel of injuriously stereotypical images.	34
0	throw a baseball	1
0	threw his opponent	1
0	a revealing confession	2
0	a revealing halter top	2
0	uncover the truth	1
0	an attractive smile	2
0	attractive forces between molecules	1
0	at close range	2
0	close friends	1
0	close to the speed of sound	1
0	close to my birthday	1
0	a directed reading program for students	2
0	directed line segment	1
0	bloodied but unbowed	3
0	disguised herself in a wig and glasses	1
0	mix a drink at the bar	1
0	dismiss the visitors	1
0	He was dismissed fired{/gloss} from his job.	3
0	Class is dismissed.	3
0	defuse a crisis	1
0	thrust a dagger into his heart	1
0	leap over a fence	1
0	the difficult leap from college to the workplace	3
0	a fish leaps out of the water	3
0	discovering himself … as her adoring and magnanimous lover	1
0	discover the solution	1
0	reveal a secret	1
0	The book deals with education.	3
0	deal with an offender	1
0	a lawyer who deals with real estate law	4
0	is said to derive its name from a Native American word meaning "wild onion"	4
0	what was derived from their observations	3
0	a complex labyrinth of tunnels and chambers	3
0	a labyrinth of swamps and channels	2
0	violate the law	1
0	misused his talents	1
0	… their prisoner had the heavy task of receiving their insolence as wit, answering their insults with good-humour, and withholding from them the opportunity which they sought of engaging him in a quarrel, that they might have a pretence for misusing him.	41
0	a word that is frequently misused	6
0	one military force opposed to another	4
0	oppose the enemy	1
0	concreteness as opposed to abstraction	3
0	Wallace asserted control early—shutting down both candidates when they tried to talk over one another, and shushing the audience when it reacted too audibly.	2
0	The suspect continued to assert his innocence.	5
0	He wished to vindicate himself in some way, to assert his manhood.	10
0	borderline hypertension	1
0	a borderline state between waking and sleeping	2
0	a borderline town	2
0	an unusual juxtaposition of colors	3
0	contrasting shapes placed in juxtaposition to each other	5
0	free trade versus protection	3
0	a dictator who banishes anyone who opposes him	4
0	He was banished from court.	3
0	granite stones harsh with lichen	3
0	harsh colors	1
0	refer a patient to a specialist	1
0	studied his own life … with a shrewd and humorous eye	10
0	humorous stories	1
0	shared a humorous anecdote	3
0	butterflies fluttering among the flowers	2
0	a sail fluttering in the wind	3
0	hollow cheeks	1
0	a hollow tree	2
0	selfishness that had a gloss of humanitarianism about it	5
0	The soldiers crawled forward on their bellies.	3
0	The baby crawled toward her mother.	3
0	traffic crawling along at 10 miles an hour	2
0	bluffed them into surrendering	1
0	was bluffed out of a winning hand	2
0	Her own childhood had been made miserable by bullying …	9
0	… underestimates the plain meanness behind the pleasure people take in bullying.	12
0	can't tell you the answer but can give you a hint	11
0	had been dropping hints that he would like to be invited	4
0	gave only a hint of what was to come	4
0	stared in blank dismay	3
0	their partnership was dissolved	4
0	their partnership was dissolved	4
0	do not dissolve and deface the laws of charity	3
0	dissolve sugar in water	1
0	paid a teenager to mow his lawn	1
0	paid the pizza deliverer	1
0	pay wages	1
0	a floral tribute	3
0	They were fighting to stay awake.	3
0	The soldiers fought bravely.	3
0	So far, I've had the common sense not to tweet anything ghastly.	6
0	With tsunamis, it may seem only common sense to Earth scientists to run away from (and not toward) the water when the sea is drawn rapidly down and away from the beach as a tsunami approaches. But that response is counterintuitive for most people.	7
0	The poker players learns that sometimes both science and common sense are wrong. There is such a thing as absolute premonition of cards, a rock bottom surety of what will happen next.	10
0	didn't exercise good judgment	2
0	exercise a muscle	1
0	an idea that appeals to him	4
0	We appealed to them for help.	2
0	define a procedure	1
0	define a procedure	1
0	whatever defines us as human	2
0	rigidly defined property lines	2
0	envisages the slum as a hotbed of crime	1
0	envisages an entirely new system of education	1
0	a river that arises from two main sources	4
0	Problems arise when people try to avoid responsibility.	2
0	He arose from his chair.	2
0	Questions have arisen concerning the company's financial records.	3
0	A conflict arose because of a misunderstanding.	3
0	adapt the curriculum to students' needs	1
0	enact a role	1
0	enact a bill	1
0	seemed to be talking uphill	5
0	beaten gold	1
0	struggling with the problem	1
0	struggled through the high grass	1
0	margin up an account	1
0	trying to undermine his political rivals	3
0	a plumbing fixture	3
0	boosted him up over the fence	1
0	plans to boost production	3
0	powerless victims	1
0	was powerless to help	2
0	a lighthearted mood	2
0	they can be lighthearted in the midst of misery	4
0	The pill left a bitter taste in my mouth.	5
0	bitter chocolates	1
0	bitter beer	1
0	liquid damps out compass oscillations	2
0	a recovering alcoholic	2
0	a still-bookish recovering academic with a tendency to live in his head	3
0	yellow leaves floated down	3
0	smothered his rage	1
0	health-care providers	2
0	an Internet provider	3
0	the dishes clattered on the shelf	3
0	drill pupils in spelling	1
0	stitched a seam	1
0	the boy stuffed his pockets with candy	3
0	stuffing their heads with facts	1
0	unable to pay off his debts	6
0	deeply in debt to creditors	3
0	a criminal's debt to society	3
0	owe them a debt of gratitude	4
0	the windows rattled in the wind	3
0	Her cure was complete.	2
0	leap over a fence	1
0	the difficult leap from college to the workplace	3
0	a fish leaps out of the water	3
0	had no clue what he meant	3
0	phases of the moon	1
0	the early phases of her career	3
0	prohibitive costs	1
0	studied the French language	4
0	overturned the vase	1
0	the degree to which accident could overturn the schemes of wise men	7
0	musters of goods for sale	1
0	the project halted for lack of funds	3
0	contribute money to a cause	1
0	He contributed several poems to the magazine.	2
0	What percentage of your pay should you contribute to your 401(k)|401(k)}?	8
0	contributed canned goods to the food drive	1
0	tread a path	1
0	a positive outlook on life	3
0	feverish excitement	1
0	dodged through the crowd	1
0	The ground was covered with a mantle of leaves.	7
0	felled trees/timber	1
0	provoke laughter	1
0	unarmed civilians	1
0	unarmed robbery	1
0	struck off through the brush	1
0	cymbals clashed	2
0	where ignorant armies clash by night	4
0	a diffuse report from the scene of the earthquake	2
0	diffuse lighting	1
0	swept the crumbs from the table	1
0	construct a bridge	1
0	Construct a regular hexagon with sides 3 inches long.	1
0	construct a plan	1
0	The batteries provide enough power for up to five hours of continuous use.	12
0	at close range	2
0	close friends	1
0	close to the speed of sound	1
0	close to my birthday	1
0	infuse the team with confidence	1
0	the sense of purpose that infuses scientific research	6
0	thrust a dagger into his heart	1
0	crested the hill and looked around	1
0	a unidirectional microphone	2
0	The buccaneer on the wave might relinquish his calling and become … a man of probity and piety on land …	5
0	The sea was open to them, and they achieved their victories on the briny wave.	15
0	a mirror reflects light	3
0	the clouds were reflected in the water	4
0	"We have not the strength with which to fight this man; we must … win, if win we can, by craft."	21
0	the carpenter's craft	3
0	destroyed the files	1
0	destroy an injured horse	1
0	their reputation was destroyed	4
0	The missing boy was returned to his home unharmed.	9
0	Film and paint companies are using computers to design dyes that will survive sunlight but leave humans unharmed.	18
0	the troops embarked at noon	3
0	embarked on a new career	1
0	She was declared the rightful heir to the throne.	3
0	publicly declared her opposition to the plan	2
0	defuse a crisis	1
0	marginal notes	1
0	hostile to new ideas	1
0	hostile to new ideas	1
0	hostile fire	1
0	a hostile witness	2
0	the soft influences of home	2
0	a soft job	2
0	gazed out the window at the snow	1
0	a whining howl	2
0	They [scientists] think that … joyful people outlive their bilious, whining counterparts.	11
0	The fresh wind across the big lake blew away the smoke of cooking fires and vanquished the mosquitoes that came out in whining droves …	23
0	… a coil of steel spins through a whining mass of machinery the size of a small two-story house.	9
0	gulp down a sob	1
0	wiry stems	1
0	the wiry figure of a long-distance runner	2
0	queasy motion	1
0	mopped his brow with a handkerchief	1
0	mop the floors	1
0	repelled the insinuation	1
0	a well-connected lawyer	2
0	a substantial meal	2
0	qualified approval	1
0	an irresistible attraction	2
0	He leaned back in his chair.	2
0	… preferred not to lean on his father in building a career.	5
0	Something about the smile lurking on Malfoy's face during the next week made Harry, Ron, and Hermione very nervous.	5
0	Something about the smile lurking on Malfoy's face during the next week made Harry, Ron, and Hermione very nervous.	5
0	someone out there lurking in the shadows	4
0	throw a baseball	1
0	threw his opponent	1
0	assiduous planning	1
0	She tended her garden with assiduous attention.	6
0	an assiduous book collector	2
0	comfortably fixed	2
0	a smart young student	2
0	a smart comedy/sitcom	2
0	That wasn't a very smart thing to do.	5
0	a smart decision/investment/idea	2
0	of French descent	3
0	begin our descent down the mountain	3
0	patrilineal descent	2
0	an advertising juggernaut	3
0	a political juggernaut	3
0	… his overly erect posture and overemphatic diction make him come off like an enraged headwaiter.	7
0	… in reaching for a strong conclusion, I was overemphatic.	10
0	… the … posturing and overemphatic gesturing needed to reach the balcony in theater …	6
0	People believe that there is a curse on the house.	7
0	In an antechamber, his lieutenants suddenly heard the shattering of glass and angry curses.	14
0	sort apples	1
0	sort mail	1
0	agreed, but with reservations	4
0	a tasty meal	2
0	Bad weather forced the diversion of several flights.	5
0	Hiking is one of her favorite diversions.	7
0	turned off her phone to limit distractions	7
0	a harmless distraction	3
0	One created a distraction while the other grabbed the money.	4
0	disaffected youth	1
0	a smart young student	2
0	a smart comedy/sitcom	2
0	That wasn't a very smart thing to do.	5
0	a smart decision/investment/idea	2
0	faded jeans	1
0	a faded memory	2
0	a faded photograph from 1931	2
0	an unbecoming dress	2
0	unbecoming conduct	1
0	a strident voice	2
0	strident slogans	1
0	told the children to stop their fooling	7
0	living a charmed life	3
0	studied law but diverted to diplomacy	4
0	a straightforward account	2
0	glared at me with rage and hate	1
0	ungraceful movements	1
0	an ungraceful dancer	2
0	the balloon burst	3
0	my heart will burst	4
0	the pipes burst	3
0	volunteered to host the meeting	1
0	a region that marches with Canada in the north and the Pacific in the west	4
0	a smart young student	2
0	a smart comedy/sitcom	2
0	That wasn't a very smart thing to do.	5
0	a smart decision/investment/idea	2
0	… crops are grown in the resulting field for a year or a few years until the soil is exhausted, and then the field is abandoned …	20
0	a blinding light	2
0	a runner with blinding speed	4
0	a blinding headache an extremely painful headache{/gloss}	2
0	a blinding snowstorm	2
0	thin paper	1
0	thin hair	1
0	a misspent life	2
0	the flu is catching	4
0	his spirit is catching	4
0	a country heading towards a depression	6
0	took down a map and overlooked it	6
0	do not like living near water, and prefer not to be overlooked	12
0	struck off through the brush	1
0	the guts of a car	2
0	was recalled to active duty	2
0	a void contract	2
0	void space	1
0	unconfined joy	1
0	… her black hair flowed about her unconfined.	8
0	Even though they lost the game, they can still hold up their heads because they tried their best.	10
0	His first outside shot, however, was blocked, but he came back with a faked shot and then a sweet bounce pass to O'Sullivan for a layup.	14
0	His first outside shot, however, was blocked, but he came back with a faked shot and then a sweet bounce pass to O'Sullivan for a layup.	14
0	Unsuspecting users click on this faked site instead of the real site.	6
0	a heated argument	2
0	an actress who's dynamite at the box office	4
0	sour pickles	1
0	tormented by the neighborhood bully	5
0	congressmen who stooge for the oil and mineral interests	3
0	confront an enemy	1
0	confront a reader with statistics	1
0	The mayor was confronted by a group of protesters.	4
0	so alike they could not be distinguished	7
0	a policy that distinguishes him from other candidates	4
0	She left us a legacy of a million dollars.	5
0	the legacy of the ancient philosophers	2
0	the minister pronounced them husband and wife	3
0	doctors pronounced him fit to resume duties	2
0	The patient was placed on life support.	6
0	The current pediatric and adult life support recommendations suggest an epinephrine|epinephrine} administration interval … of 3–5 minutes during cardiopulmonary resuscitation (CPR).	6
0	A mechanical pump that was invented as a temporary life support for patients with advanced heart failure is emerging as a potential tool to help hearts heal and function for the long term on their own.	10
0	they denounced him as a bigot	2
0	Others might cry or get bent out of shape when their personal tastes are denounced and ridiculed, but not him …	15
0	an ax blunted from use	3
0	blunted their criticism by praising her enthusiasm	1
0	brought a bottle of wine to the party	1
0	sadistic fantasies	1
0	hunt buffalo	1
0	hunted the escapees	1
0	a catalyst poison	3
0	dismiss the visitors	1
0	He was dismissed fired{/gloss} from his job.	3
0	Class is dismissed.	3
0	an insatiable appetite for work	3
0	He has a hearty appetite.	5
0	He was hit by a car.	3
0	The tank was hit by enemy fire.	4
0	His mom told him to stop hitting his sister.	7
0	She accidentally hit her head getting into the car.	3
0	a rational understanding of the laws of nature can quench impossible desires	10
0	a rational understanding of the laws of nature can quench impossible desires	10
0	drying her hair	1
0	lascivious acts/thoughts	1
0	… crude and lascivious remarks …	4
0	arrested for lewd and lascivious assault	5
0	swirling water	1
0	oily rags	1
0	laces her fingers behind her head	1
0	a ritual dance	2
0	ritual purity	1
0	The novices spend part of each day in prayer and meditation.	2
0	stressing the equipment	1
0	this traffic is stressing me out	4
0	a man of dignified bearing	5
0	a woman past bearing	4
0	… a confident and cheerful bearing.	6
0	fans lingered outside the door	2
0	lingering doubts	1
0	a ticklish subject	2
0	The novices spend part of each day in prayer and meditation.	2
0	a venerable jazz musician	2
0	encouraged by the venerable doctor's head-nodding	4
0	dictate for the stenographer	1
0	resents being dictated to	3
0	plan a new layout	1
0	planned their escape	1
0	Some jurisdictions are so overwhelmed that they are experimenting with routing school-children into specially designed courts that would keep first-time offenders from being saddled with an arrest record.	5
0	When he first appeared in full regalia, I was overwhelmed.	10
0	"We were overwhelmed," said John Robinson, the Rams' coach. "Clearly dominated."	3
0	Only three Coast Guard rescue helicopters had managed to get into the air, and each was already overwhelmed by dozens of calls for help.	18
0	explain the secret of your success	1
0	unable to explain his strange conduct	3
0	arrange flowers in a vase	1
0	arranged a reception for the visitor	1
0	arrange cards alphabetically	1
0	The museum attracts visitors.	3
0	The museum attracts visitors.	3
0	an organization staffed by volunteers	3
0	pointing a pencil with a knife	1
0	stretched out her arms	1
0	a querulous voice	2
0	St. Andrew is commemorated on November 30.	4
0	commemorate an anniversary	1
0	an unruly crowd	2
0	a mane of unruly hair	4
0	a cacophony of color	2
0	heroic legends	1
0	It was a heroic decision.	4
0	the heroic age	2
0	prideful	1
0	peaceful	1
0	wheeled vehicles	1
0	wheeled traffic	1
0	Much as we try, we can't stop humanizing our horses.	8
0	Lincoln forged a new lean language to humanize and redeem the first modern war.	8
0	tried to gather a crowd	3
0	gather flowers	1
0	gathered firewood	1
0	people of slender means	3
0	bold settlers on some foreign shore	1
0	punishing a bold child for talking back	3
0	The price of the stock declined.	6
0	his health declined	3
0	astronomical observations	1
0	astronomical numbers	1
0	a defrocked priest	2
0	an advertising blitz	3
0	constructed a mythical all-star team	3
0	a tragic mistake	2
0	the tragic significance of the atomic bomb	2
0	a civil rights icon	4
0	Rosie the Riveter, a WWII [World War II] cultural icon with her blue jumpsuit and red bandana, represented the women who went to work at manufacturing hubs across the nation …	10
0	… Purple Rain, the flick that established Prince as a pop icon and cineaste.	12
0	an actor and fashion icon	5
0	The king graced him with the rank of a knight.	3
0	graveled walks graced with statues	3
0	transpose letters to change the spelling	1
0	Each facet of the problem requires careful attention.	2
0	a dormitory with a shared living area	5
0	Despite the shared memory, the PC performed relatively well …	3
0	shared responsibilities	1
0	shared equity	1
0	Charlie Stuart represents a new breed of motorcyclists who are erasing the stereotypical black-leather-jacket, tough-guy image that plagued motorcyclists since the violent Hollywood productions of the Fifties.	13
0	His book concedes that progress has been made in a sheerly numerical sense, but it argues that overall the black presence on television has been an endless recycling of a passel of injuriously stereotypical images.	34
0	throw a baseball	1
0	threw his opponent	1
0	a revealing confession	2
0	a revealing halter top	2
0	uncover the truth	1
0	an attractive smile	2
0	attractive forces between molecules	1
0	at close range	2
0	close friends	1
0	close to the speed of sound	1
0	close to my birthday	1
0	a directed reading program for students	2
0	directed line segment	1
0	bloodied but unbowed	3
0	disguised herself in a wig and glasses	1
0	mix a drink at the bar	1
0	dismiss the visitors	1
0	He was dismissed fired{/gloss} from his job.	3
0	Class is dismissed.	3
0	defuse a crisis	1
0	thrust a dagger into his heart	1
0	leap over a fence	1
0	the difficult leap from college to the workplace	3
0	a fish leaps out of the water	3
0	discovering himself … as her adoring and magnanimous lover	1
0	discover the solution	1
0	reveal a secret	1
0	The book deals with education.	3
0	deal with an offender	1
0	a lawyer who deals with real estate law	4
0	is said to derive its name from a Native American word meaning "wild onion"	4
0	what was derived from their observations	3
0	a complex labyrinth of tunnels and chambers	3
0	a labyrinth of swamps and channels	2
0	violate the law	1
0	misused his talents	1
0	… their prisoner had the heavy task of receiving their insolence as wit, answering their insults with good-humour, and withholding from them the opportunity which they sought of engaging him in a quarrel, that they might have a pretence for misusing him.	41
0	a word that is frequently misused	6
0	one military force opposed to another	4
0	oppose the enemy	1
0	concreteness as opposed to abstraction	3
0	Wallace asserted control early—shutting down both candidates when they tried to talk over one another, and shushing the audience when it reacted too audibly.	2
0	The suspect continued to assert his innocence.	5
0	He wished to vindicate himself in some way, to assert his manhood.	10
0	borderline hypertension	1
0	a borderline state between waking and sleeping	2
0	a borderline town	2
0	an unusual juxtaposition of colors	3
0	contrasting shapes placed in juxtaposition to each other	5
0	free trade versus protection	3
0	a dictator who banishes anyone who opposes him	4
0	He was banished from court.	3
0	granite stones harsh with lichen	3
0	harsh colors	1
0	refer a patient to a specialist	1
0	studied his own life … with a shrewd and humorous eye	10
0	humorous stories	1
0	shared a humorous anecdote	3
0	butterflies fluttering among the flowers	2
0	a sail fluttering in the wind	3
0	hollow cheeks	1
0	a hollow tree	2
0	selfishness that had a gloss of humanitarianism about it	5
0	The soldiers crawled forward on their bellies.	3
0	The baby crawled toward her mother.	3
0	traffic crawling along at 10 miles an hour	2
0	bluffed them into surrendering	1
0	was bluffed out of a winning hand	2
0	Her own childhood had been made miserable by bullying …	9
0	… underestimates the plain meanness behind the pleasure people take in bullying.	12
0	can't tell you the answer but can give you a hint	11
0	had been dropping hints that he would like to be invited	4
0	gave only a hint of what was to come	4
0	stared in blank dismay	3
0	their partnership was dissolved	4
0	their partnership was dissolved	4
0	do not dissolve and deface the laws of charity	3
0	dissolve sugar in water	1
0	paid a teenager to mow his lawn	1
0	paid the pizza deliverer	1
0	pay wages	1
0	a floral tribute	3
0	They were fighting to stay awake.	3
0	The soldiers fought bravely.	3
0	So far, I've had the common sense not to tweet anything ghastly.	6
0	With tsunamis, it may seem only common sense to Earth scientists to run away from (and not toward) the water when the sea is drawn rapidly down and away from the beach as a tsunami approaches. But that response is counterintuitive for most people.	7
0	The poker players learns that sometimes both science and common sense are wrong. There is such a thing as absolute premonition of cards, a rock bottom surety of what will happen next.	10
0	didn't exercise good judgment	2
0	exercise a muscle	1
0	an idea that appeals to him	4
0	We appealed to them for help.	2
0	define a procedure	1
0	define a procedure	1
0	whatever defines us as human	2
0	rigidly defined property lines	2
0	envisages the slum as a hotbed of crime	1
0	envisages an entirely new system of education	1
0	a river that arises from two main sources	4
0	Problems arise when people try to avoid responsibility.	2
0	He arose from his chair.	2
0	Questions have arisen concerning the company's financial records.	3
0	A conflict arose because of a misunderstanding.	3
0	adapt the curriculum to students' needs	1
0	enact a role	1
0	enact a bill	1
0	seemed to be talking uphill	5
0	beaten gold	1
0	struggling with the problem	1
0	struggled through the high grass	1
0	margin up an account	1
0	trying to undermine his political rivals	3
0	a plumbing fixture	3
0	boosted him up over the fence	1
0	plans to boost production	3
0	powerless victims	1
0	was powerless to help	2
0	a lighthearted mood	2
0	they can be lighthearted in the midst of misery	4
0	The pill left a bitter taste in my mouth.	5
0	bitter chocolates	1
0	bitter beer	1
0	liquid damps out compass oscillations	2
0	a recovering alcoholic	2
0	a still-bookish recovering academic with a tendency to live in his head	3
0	yellow leaves floated down	3
0	smothered his rage	1
0	health-care providers	2
0	an Internet provider	3
0	the dishes clattered on the shelf	3
0	drill pupils in spelling	1
0	stitched a seam	1
0	the boy stuffed his pockets with candy	3
0	stuffing their heads with facts	1
0	unable to pay off his debts	6
0	deeply in debt to creditors	3
0	a criminal's debt to society	3
0	owe them a debt of gratitude	4
0	the windows rattled in the wind	3
0	Her cure was complete.	2
0	leap over a fence	1
0	the difficult leap from college to the workplace	3
0	a fish leaps out of the water	3
0	had no clue what he meant	3
0	phases of the moon	1
0	the early phases of her career	3
0	prohibitive costs	1
0	studied the French language	4
0	overturned the vase	1
0	the degree to which accident could overturn the schemes of wise men	7
0	musters of goods for sale	1
0	the project halted for lack of funds	3
0	contribute money to a cause	1
0	He contributed several poems to the magazine.	2
0	What percentage of your pay should you contribute to your 401(k)|401(k)}?	8
0	contributed canned goods to the food drive	1
0	tread a path	1
0	a positive outlook on life	3
0	feverish excitement	1
0	dodged through the crowd	1
0	The ground was covered with a mantle of leaves.	7
0	felled trees/timber	1
0	provoke laughter	1
0	unarmed civilians	1
0	unarmed robbery	1
0	struck off through the brush	1
0	cymbals clashed	2
0	where ignorant armies clash by night	4
0	a diffuse report from the scene of the earthquake	2
0	diffuse lighting	1
0	swept the crumbs from the table	1
0	construct a bridge	1
0	Construct a regular hexagon with sides 3 inches long.	1
0	construct a plan	1
0	The batteries provide enough power for up to five hours of continuous use.	12
0	at close range	2
0	close friends	1
0	close to the speed of sound	1
0	close to my birthday	1
0	infuse the team with confidence	1
0	the sense of purpose that infuses scientific research	6
0	thrust a dagger into his heart	1
0	crested the hill and looked around	1
0	a unidirectional microphone	2
0	The buccaneer on the wave might relinquish his calling and become … a man of probity and piety on land …	5
0	The sea was open to them, and they achieved their victories on the briny wave.	15
0	a mirror reflects light	3
0	the clouds were reflected in the water	4
0	"We have not the strength with which to fight this man; we must … win, if win we can, by craft."	21
0	the carpenter's craft	3
0	destroyed the files	1
0	destroy an injured horse	1
0	their reputation was destroyed	4
0	The missing boy was returned to his home unharmed.	9
0	Film and paint companies are using computers to design dyes that will survive sunlight but leave humans unharmed.	18
0	the troops embarked at noon	3
0	embarked on a new career	1
0	She was declared the rightful heir to the throne.	3
0	publicly declared her opposition to the plan	2
0	defuse a crisis	1
0	marginal notes	1
0	hostile to new ideas	1
0	hostile to new ideas	1
0	hostile fire	1
0	a hostile witness	2
0	the soft influences of home	2
0	a soft job	2
0	gazed out the window at the snow	1
0	a whining howl	2
0	They [scientists] think that … joyful people outlive their bilious, whining counterparts.	11
0	The fresh wind across the big lake blew away the smoke of cooking fires and vanquished the mosquitoes that came out in whining droves …	23
0	… a coil of steel spins through a whining mass of machinery the size of a small two-story house.	9
0	gulp down a sob	1
0	wiry stems	1
0	the wiry figure of a long-distance runner	2
0	queasy motion	1
0	mopped his brow with a handkerchief	1
0	mop the floors	1
0	repelled the insinuation	1
0	a well-connected lawyer	2
0	a substantial meal	2
0	qualified approval	1
0	an irresistible attraction	2
0	He leaned back in his chair.	2
0	… preferred not to lean on his father in building a career.	5
0	Something about the smile lurking on Malfoy's face during the next week made Harry, Ron, and Hermione very nervous.	5
0	Something about the smile lurking on Malfoy's face during the next week made Harry, Ron, and Hermione very nervous.	5
0	someone out there lurking in the shadows	4
0	throw a baseball	1
0	threw his opponent	1
0	assiduous planning	1
0	She tended her garden with assiduous attention.	6
0	an assiduous book collector	2
0	comfortably fixed	2
0	a smart young student	2
0	a smart comedy/sitcom	2
0	That wasn't a very smart thing to do.	5
0	a smart decision/investment/idea	2
0	of French descent	3
0	begin our descent down the mountain	3
0	patrilineal descent	2
0	an advertising juggernaut	3
0	a political juggernaut	3
0	… his overly erect posture and overemphatic diction make him come off like an enraged headwaiter.	7
0	… in reaching for a strong conclusion, I was overemphatic.	10
0	… the … posturing and overemphatic gesturing needed to reach the balcony in theater …	6
0	People believe that there is a curse on the house.	7
0	In an antechamber, his lieutenants suddenly heard the shattering of glass and angry curses.	14
0	sort apples	1
0	sort mail	1
0	agreed, but with reservations	4
0	a tasty meal	2
0	Bad weather forced the diversion of several flights.	5
0	Hiking is one of her favorite diversions.	7
0	turned off her phone to limit distractions	7
0	a harmless distraction	3
0	One created a distraction while the other grabbed the money.	4
0	disaffected youth	1
0	a smart young student	2
0	a smart comedy/sitcom	2
0	That wasn't a very smart thing to do.	5
0	a smart decision/investment/idea	2
0	faded jeans	1
0	a faded memory	2
0	a faded photograph from 1931	2
0	an unbecoming dress	2
0	unbecoming conduct	1
0	a strident voice	2
0	strident slogans	1
0	told the children to stop their fooling	7
0	living a charmed life	3
0	studied law but diverted to diplomacy	4
0	a straightforward account	2
0	glared at me with rage and hate	1
0	ungraceful movements	1
0	an ungraceful dancer	2
0	the balloon burst	3
0	my heart will burst	4
0	the pipes burst	3
0	volunteered to host the meeting	1
0	a region that marches with Canada in the north and the Pacific in the west	4
0	a smart young student	2
0	a smart comedy/sitcom	2
0	That wasn't a very smart thing to do.	5
0	a smart decision/investment/idea	2
0	… crops are grown in the resulting field for a year or a few years until the soil is exhausted, and then the field is abandoned …	20
0	a blinding light	2
0	a runner with blinding speed	4
0	a blinding headache an extremely painful headache{/gloss}	2
0	a blinding snowstorm	2
0	thin paper	1
0	thin hair	1
0	a misspent life	2
0	the flu is catching	4
0	his spirit is catching	4
0	a country heading towards a depression	6
0	took down a map and overlooked it	6
0	do not like living near water, and prefer not to be overlooked	12
0	struck off through the brush	1
0	the guts of a car	2
0	was recalled to active duty	2
0	a void contract	2
0	void space	1
0	unconfined joy	1
0	… her black hair flowed about her unconfined.	8
0	Even though they lost the game, they can still hold up their heads because they tried their best.	10
0	His first outside shot, however, was blocked, but he came back with a faked shot and then a sweet bounce pass to O'Sullivan for a layup.	14
0	His first outside shot, however, was blocked, but he came back with a faked shot and then a sweet bounce pass to O'Sullivan for a layup.	14
0	Unsuspecting users click on this faked site instead of the real site.	6
0	a heated argument	2
0	an actress who's dynamite at the box office	4
0	sour pickles	1
0	tormented by the neighborhood bully	5
0	congressmen who stooge for the oil and mineral interests	3
0	confront an enemy	1
0	confront a reader with statistics	1
0	The mayor was confronted by a group of protesters.	4
0	so alike they could not be distinguished	7
0	a policy that distinguishes him from other candidates	4
0	She left us a legacy of a million dollars.	5
0	the legacy of the ancient philosophers	2
0	the minister pronounced them husband and wife	3
0	doctors pronounced him fit to resume duties	2
0	The patient was placed on life support.	6
0	The current pediatric and adult life support recommendations suggest an epinephrine|epinephrine} administration interval … of 3–5 minutes during cardiopulmonary resuscitation (CPR).	6
0	A mechanical pump that was invented as a temporary life support for patients with advanced heart failure is emerging as a potential tool to help hearts heal and function for the long term on their own.	10
0	they denounced him as a bigot	2
0	Others might cry or get bent out of shape when their personal tastes are denounced and ridiculed, but not him …	15
0	an ax blunted from use	3
0	blunted their criticism by praising her enthusiasm	1
0	brought a bottle of wine to the party	1
0	sadistic fantasies	1
0	enact a role	1
0	enact a bill	1
0	an individual effort	2
0	an individual style	2
0	second-degree assault/murder	1
0	a second-degree concussion	2
0	a pair of doves billing	5
0	billing and cooing	1
0	contemplate the vastness of the universe	1
0	contemplate marriage	1
0	contemplated the meaning of the poem	1
0	violate the law	1
0	wanton cruelty	1
0	The name is prominently displayed on the label.	8
0	a breach of trust	2
0	a breach of the skin	2
0	sued them for breach of contract	4
0	assume responsibility	1
0	assume control	1
0	The tornado overwhelmed many mobile homes.	3
0	The city was overwhelmed by the flooding caused by the hurricane.	4
0	X-rays directed through the body	2
0	direct the nozzle downward	1
0	She assisted the boy with his lessons.	2
0	went to them as a last resort	7
0	a place of popular resort	5
0	bounce a ball	1
0	bonded jersey	1
0	usurp a throne	1
0	must not let stock responses based on inherited prejudice usurp careful judgment	10
0	the threads of a spiderweb	2
0	an inhospitable environment	2
0	Don't blow on your soup.	2
0	reconstructing a lost civilization	1
0	too many lonely nights at home	3
0	a lonely spot in the woods	2
0	senators trying to block passage of the bill	4
0	senators trying to block passage of the bill	4
0	The road was blocked by a rock slide.	4
0	block out a design	1
0	a road flanked with linden trees	3
0	had no clue what he meant	3
0	floors sheeted with dust	2
0	a jarring tackle	2
0	After watching the British reports, I found the American ones jarring.	11
0	It is not hard to imagine how the wounded will fare in a long jarring ride over rough roads …	15
0	they were forced to cease operations	5
0	cease to exist	1
0	a crisp cracker	2
0	a crisp illustration	2
0	this route … penetrates the leading resort and lake areas	4
0	their keen eyes can penetrate the water to a depth of … forty feet	5
0	Only a dirt road penetrates the rough, wooded terrain.	5
0	grim wolves	1
0	a grim taskmaster	2
0	tense muscles	1
0	a tense smile	2
0	limped on a sore leg	4
0	felt sore all over	2
0	a sore subject	2
0	a canny lawyer	2
0	canny investments	1
0	Bad weather forced the diversion of several flights.	5
0	Hiking is one of her favorite diversions.	7
0	the tide of public opinion	2
0	a movie awash in sentimentality	3
0	hard surfaces	1
0	an uncomfortably hard chair	3
0	a painful injury	2
0	a long painful trip	3
0	hacked his way through the brush	1
0	fodder for tabloids	1
0	rebuild a war-torn city	1
0	rebuild society	1
0	trying to judge the amount of time required	3
0	roaring applause	1
0	a river that arises from two main sources	4
0	Problems arise when people try to avoid responsibility.	2
0	He arose from his chair.	2
0	Questions have arisen concerning the company's financial records.	3
0	A conflict arose because of a misunderstanding.	3
0	an advocate of liberal arts education	2
0	a consumer advocate	3
0	the jubilant winner	2
0	migrant labor camp	3
0	new data that challenges old assumptions	4
0	he challenged his critics to prove his guilt	2
0	a big house	2
0	I'm a big fan of soy foods but urge you to choose them wisely.	3
0	a big fleet	2
0	a fair-weather friend	2
0	a fair-weather sail	2
0	barrier beaches	1
0	drugs that cross the placental barrier	6
0	highway barriers	2
0	a barrier contraceptive	2
0	a robust faith	2
0	stories … laden with robust, down-home imagery	5
0	a cauldron of intense emotions	2
0	fish snapping at the bait	2
0	The bank customers waited patiently for the next teller.	5
0	It wasn't until I was in my late teens, when my brother Caleb patiently taught me to play racquetball, that I realized I was coordinated enough to participate in athletic endeavors.	14
0	She very patiently answered all our questions.	3
0	chart a course	1
0	chart the coastline	1
0	distribute expenses	1
0	evenly distribute the seeds	2
0	distributes toys to needy children	1
0	a celebrity worshipped by her fans	3
0	an unqualified denial	2
0	alleged irregularities in the city government	2
0	whatever fate may send	4
0	dip candles	1
0	owed his wealth to his father	1
0	overstated his qualifications	1
0	The wagon gained momentum as it rolled down the hill.	4
0	nailed his eye on the crack	1
0	keen debate	1
0	keen debate	1
0	a keen sense of smell	2
0	a keen student	2
0	a keen assessment	2
0	a keen awareness of the problem	2
0	a cigarette holder	3
0	targeted her for promotion	1
0	a swift runner	2
0	a swift transition	2
0	man proposes, but God disposes	2
0	He applies pressure to get what he wants.	2
0	You should apply yourself to your work.	3
0	This is a side of her character that few people have seen.	7
0	a character in a play	2
0	backed down in a moment of weakness	7
0	underpin a thesis with evidence	1
0	underpin a structure	1
0	assimilate information	1
0	Students need to assimilate new concepts.	4
0	unfolded the map	1
0	She aspired to a career in medicine.	2
0	Visiting the Alps was a highlight of their trip to Europe.	6
0	the project will entail considerable expense	4
0	employ a pen for sketching	1
0	employed all her energies to help the poor	1
0	commit a crime	1
0	a contract committing the company to complete the project on time	3
0	commit a sin	1
0	a revolving platform	2
0	extended both her arms	1
0	… serves to reanimate the old debates about the relationship between form and content …	4
0	… serves to reanimate the old debates about the relationship between form and content …	4
0	… Nathan would sit in the kitchen … watching Eleanor smoke cigarettes and squeeze lemons into her diet Coke, of which she drank sixty ounces a day—enough, as Major Ray often declared, to reanimate a dead body.	34
0	a vivid sketch	2
0	reconstruction efforts to repair hurricane damage	1
0	the historical reconstruction of an ancient village	3
0	the reconstruction of postwar Europe	2
0	the reconstruction of the dam	2
0	I needed money, and they accommodated me with a loan.	6
0	rebuilt the ship to accommodate the bigger containers	5
0	diagnosis of engine trouble	1
0	impose a tax	1
0	impose oneself on others	1
0	impose penalties	1
0	impose new restrictions	1
0	a ferocious predator	2
0	ferocious heat	1
0	the ferocious butchery of women and children	2
0	refused to cooperate with the police	3
0	nations cooperating to fight terrorism	2
0	hunt buffalo	1
0	hunted the escapees	1
0	imports most manufactures used by consumers	3
0	the manufacture of automobiles	2
0	design a system for tracking inventory	1
0	he designed the perfect crime	2
0	She's a frequent flier on that airline.	4
0	He was a flier on an aircraft carrier.	4
0	a competitive swimmer	3
0	… he liked to tell us that he had been a powerful swimmer in his youth, but I never saw him in actual water save once, and he then came out very promptly, shivering and upset.	13
0	a fast/strong swimmer	3
0	pursue a goal	1
0	They occupied themselves with video games.	2
0	this chair is occupied	4
0	finally found her niche	4
0	Pursuing pleasure has been his major occupation.	7
0	the last of the historic private houses in the metropolis … still in the occupation of its hereditary owner	15
0	factors operating against our success	2
0	the drug operated quickly	3
0	columns of numbers	1
0	a sense of belonging	4
0	attain a goal	1
0	he attained preferment over his fellows	2
0	a joint between two pieces of timber	2
0	extended both her arms	1
0	a veined leaf	2
0	veined cheese	1
0	veined marble	1
0	his tears were tokens of his grief	4
0	harvesting corn	1
0	has now harvested this new generation's scholarly labors	3
0	they puzzled their wits to find a solution	2
0	The museum attracts visitors.	3
0	The museum attracts visitors.	3
0	disprove a theory	1
0	a river that arises from two main sources	4
0	Problems arise when people try to avoid responsibility.	2
0	He arose from his chair.	2
0	Questions have arisen concerning the company's financial records.	3
0	A conflict arose because of a misunderstanding.	3
0	a business that has been operating continuously for more than 50 years	7
0	one of the oldest continuously inhabited cities in the world	5
0	a monitoring system that runs continuously	6
0	The parish council consisted of both clergy and laymen.	9
0	For a layman, he knows a lot about the law.	3
0	… hopes motherhood will be the springboard that relaunches her stagnant acting career.	7
0	the tide of public opinion	2
0	slacken speed at a crossing	1
0	slacken sail	1
0	movement is fueled by massive grants-in-aid	3
0	An infected person will feel a general malaise.	8
0	a malaise of cynicism and despair	2
0	The crisis of the play occurs in Act 3.	2
0	a blood vessel that collapsed	5
0	… his case had collapsed in a mass of legal wreckage …	5
0	a devastating flood/earthquake	2
0	a devastating loss	2
0	A devastating coastal tsunami could also result from a severe displacement of the San Andreas Fault.	2
0	a devastating injury	2
0	… my dimensions are as well compact, my mind as generous, and my shape as true …	3
0	a highly ranked prospect	3
0	a vicious dog	2
0	vicious gossip	1
0	generating profits/growth	1
0	generating profits/growth	1
0	these stories … generate a good deal of psychological suspense	4
0	how heavy is it?	2
0	a barricaded building	2
0	a barricaded street/door	2
0	inflated prices	1
0	a dog chasing a rabbit	3
0	the bride and her attendants	5
0	the sword, ring, armor, and other attendants of knighthood	7
0	a gas-station attendant	3
0	symptoms of an inner turmoil	1
0	an automatic transmission	2
0	automatic blinking of the eyelids	1
0	companionable people	1
0	companionable laughter	1
0	diagnosis of engine trouble	1
0	his teeth were firm	4
0	With her hair in tight curls that accentuate her pale beauty, she seems lit from within.	8
0	accentuates the feeling of despair	1
0	trying to accentuate the positive aspects of the program	3
0	administer a trust fund	1
0	administer justice	1
0	definable keys	1
0	debilitating pain	1
0	a debilitating illness	2
0	a debilitating fear of public speaking	2
0	He could not have foreseen the consequences of his actions.	5
0	She foresaw the company's potential and invested early on.	2
0	flexible branches swaying in the breeze	1
0	a flexible person without strong convictions	2
0	discredit a rumor	1
0	trying to discredit the claims of a rival	3
0	barrier beaches	1
0	drugs that cross the placental barrier	6
0	highway barriers	2
0	a barrier contraceptive	2
0	Deforestation and erosion can lead to an ecological catastrophe.	9
0	the party was a catastrophe	5
0	territorial expansion	2
0	scrap outworn methods	1
0	a receding hairline	2
0	a receding deficit	2
0	the interplay of opposing forces	2
0	Drifting has nothing to do with racing. There's no checkered flag. It's more like figure skating than speed skating, with a three-judge panel awarding points based on speed, angle of attack and style. They take points away for going off course, stalling or running into course markers—including walls. And for driving straight: The goal is to control the car as it slides sideways around turns, as if on ice, at full throttle.	1
0	in the midst of the forest	3
0	a traitor in our midst	5
0	the specter of hunger	2
0	These thoughtful amenities include … an outdoor patio TV that hinges outward toward the pool …	11
0	… we pulled within feet of a 12-foot crocodile, his huge jaw hinging open in warning to reveal a toothy grin.	13
0	an exchange of prisoners	2
0	to gain a broader perspective on the international scene	5
0	places the issues in proper perspective	6
0	powerless victims	1
0	was powerless to help	2
0	bridging a river	1
0	small bridged streams	2
0	bridge the generation gap	1
0	bridge the divisions between the two groups	1
0	… its disregard of the continuity between means and ends …	6
0	breached the castle wall	1
0	breach an agreement	1
0	yet every mother breeds not sons alike	4
0	He bred a daughter.	2
0	engaged his all in the king's cause	1
0	Roman orgies in honor of Bacchus	2
0	The criminals avoided/eluded/escaped capture.	4
0	… authorities increased the reward for information leading to his capture …	11
0	an unhappy coincidence	2
0	Nearby residents typically want every shovelful of tainted soil dug up and shipped far, far away.	8
0	… federal health authorities identified an organic produce company … as a possible source of some of the tainted spinach.	19
0	deploy a sales force	1
0	bonfires clear and bright	2
0	a burned-out building	2
0	a litter carried on the shoulders of four men	2
0	She and her husband drove separately to the restaurant.	6
0	The professor met with each student separately.	7
0	The software is sold separately from the hardware.	5
0	broad shoulders	1
0	the broad plains	2
0	… one of the broadest estuaries of any river in America.	5
0	The soldiers helped themselves to any loot that they could find.	7
0	The company will locate north of the city.	4
0	depoliticize foreign aid	1
0	The country was governed by a king.	4
0	the force is exerted sideways	4
0	exerted a bad influence on his students	1
0	extract data	1
0	deploy a sales force	1
0	The forest is part of the king's domain.	8
0	is said to derive its name from a Native American word meaning "wild onion"	4
0	what was derived from their observations	3
0	He liked to display his extensive knowledge of Greek mythology.	4
0	He liked to display his extensive knowledge of Greek mythology.	4
0	displayed an interest in music	1
0	She displayed no emotion upon hearing the news.	2
0	The gallery displays the work of local artists.	3
0	… a … shop window displaying shimmering silk scarves …	6
0	If the system displays an error message, you may need to adjust your settings …	4
0	It also comes with a wooden wall mount so you can proudly display it in your living room.	13
0	a crude stereotype	2
0	crude oil	1
0	crude jokes	1
0	crude tools	1
0	regulate one's habits	1
0	a handful of people	2
0	was weak at bat but strong afield	7
0	The game requires excellent hand-eye coordination.	6
0	forged signatures	1
0	forged blades	1
0	permit access to records	1
0	The novel is told from two major viewpoints and a number of minor ones …	8
0	He began to look at the matter from Claire's viewpoint, and his pity switched from himself to her.	10
0	As with politics, he'd eventually come around to the opposite viewpoint from the one he'd previously advocated and express it just as stridently.	11
0	contemplate the vastness of the universe	1
0	contemplate marriage	1
0	contemplated the meaning of the poem	1
0	render suet	1
0	render lard	1
0	Her remarks implied a threat.	3
0	rights imply obligations	2
0	The news report seems to imply his death was not an accident.	6
0	He vigorously denied the accusations.	2
0	Last fall, Democratic congressional staffers vigorously researched what options they have …	6
0	In a medium bowl, vigorously stir together the remaining ingredients, except for the pine nuts, to make the filling.	5
0	interface a machine with a computer	1
0	a sullen crowd	2
0	dim the headlights	1
0	dimmed their hopes of an early settlement	1
0	the lure of adventure	2
0	bait minority groups	1
0	the murky bottom of the lake	2
0	rain poured down from murky skies	5
0	aroused the tiger in him	3
0	tie up the loose ends	1
0	a dark room	2
0	dark clothing	1
0	ceremonial rites	1
0	his new position is largely ceremonial	6
0	She loves you, you dummy.	5
0	She loves you, you dummy.	5
0	Shakespeare's crones cackled of evil deeds	3
0	jagged peaks	1
0	jagged rhythms	1
0	She's a political chameleon.	4
0	a tough question	2
0	tough soldiers	1
0	tough luck	1
0	square a building stone	1
0	squared his shoulders	1
0	Her mother, inclined at first to attribute her complaints to moping, took a second look at her flushed cheeks and put her to bed.	18
0	The man opposite looked flushed. … The broken veins on his cheeks were probably a sign of bad circulation and excessive drinking.	5
0	fish snapping at the bait	2
0	the dog nipped his ankle	3
0	nipped the dead flowers from the plant	1
0	popped him in the jaw	1
0	pops a grape into his mouth	1
0	the building trembled from the blast	3
0	attack an enemy fortification	1
0	a politician verbally attacked by critics	4
0	corruption spreading its tentacles	4
0	an elephant lumbering along the road	3
0	lumbering machines	1
0	The economy continues to lumber along.	5
0	struggling with the problem	1
0	struggled through the high grass	1
0	impostors that haunt the official in foreign ports	3
0	spends a lot of time haunting bookstores	6
0	problems we ignore now will come back to haunt us	9
0	… they knew that, barring a miracle, they would never be able to save the large cash outlay required …	5
0	an alien environment	2
0	ideas alien to democracy	2
0	crinkling silks	1
0	the economy veered sharply downward	3
0	little cabins straggling off into the woods	3
0	a desolate abandoned town	2
0	a desolate widow	2
0	a long-lost masterpiece that has recently been rediscovered	2
0	He embraced his old friend like a long-lost brother.	8
0	They did not believe his grandiose claims.	6
0	had grandiose plans for the city	2
0	a stiff collar	2
0	repelled the insinuation	1
0	a wall-mounted television set	2
0	a child needing human warmth and family life	5
0	an undemanding job	2
0	an undemanding boss	2
0	a tolerant, uncensorious man	3
0	… she observed and wrote with the uncensorious eyes of a worldly woman who is not affronted by the tangled messes human beings get themselves into.	8
0	the gradually encroaching sea	3
0	peaked lapels	1
0	a peaked hill	2
0	pressure upon educational administrators to withdraw academic credit	6
0	withdrew his name from the list of nominees	1
0	a self-contained machine	2
0	a self-contained program of study	2
0	the soft influences of home	2
0	a soft job	2
0	a paperback edition	3
0	this year's edition of the annual charity ball	3
0	the German edition	3
0	the imperious problems of the new age	2
0	obstinate resistance to change	1
0	obstinate fever	1
0	a solid ball of rubber	2
0	a solid configuration	2
0	the suspect was uncooperative with investigators	4
0	struggled with an uncooperative corkscrew	4
0	… he wonders whether it would be such a bad thing if their uncooperative nanny quit …	14
0	an uncooperative witness	2
0	commanded adherence to the rules	1
0	buried their pet rabbit in the backyard	1
0	a dog burying a bone	3
0	was buried with full military honors	2
0	a ship surging in heavy seas	3
0	the sea was surging	4
0	an infusion of new ideas	2
0	herbal infusions	2
0	has a mild disposition	3
0	suddenly lurched forward	2
0	has lurched from crisis to crisis	2
0	stretched out her arms	1
0	was hustled into a … motorcar and spirited off to the country	8
0	hope and apprehension of feasibleness spirits all industry	6
0	our spirits were at a low ebb	7
0	a compassionate friend	2
0	a compassionate smile	2
0	flaring nostrils	1
0	a penetrating shriek	2
0	penetrating insights into life	1
0	a bewitching smile	2
0	her bewitching eyes	2
0	the building trembled from the blast	3
0	a slight chance	2
0	the climax of a distinguished career	2
0	handles the company's public affairs	5
0	an expert in foreign affairs	5
0	doesn't recall dreaming last night	3
0	dreaming of a better future	1
0	dream of departed loved ones	1
0	magical powers	1
0	a magical transformation	2
0	a magical charm/spell/incantation	2
0	a story set in a magical world	6
0	a strident voice	2
0	strident slogans	1
0	a crude stereotype	2
0	crude oil	1
0	crude jokes	1
0	crude tools	1
0	sleek dark hair	1
0	a TV antenna	3
0	boasting about her accomplishments	1
0	refusing to bow to the inevitable	3
0	Bow before the king.	1
0	bowed to the champion	1
0	a wraparound skirt	2
0	sleek dark hair	1
0	the regiment was fed and caressed at station after station	6
0	She caressed the baby's cheek.	2
0	chocolate cake with a luscious whipped cream topping	5
0	a luscious actress	2
0	bestowed his spare time on study	1
0	… bestowed in her car … by the chauffeur.	2
0	bright lights	1
0	brightest star of the opera	1
0	bright eyes	1
0	dim stars	1
0	a dim outline	2
0	a dim hallway	2
0	a dim lamp	2
0	conquer territory	1
0	conquered the enemy	1
0	confront an enemy	1
0	confront a reader with statistics	1
0	The mayor was confronted by a group of protesters.	4
0	unwinding the labryinth and bringing the hero out	1
0	his … holster jogging against his hip	4
0	a private park	2
0	shed her inhibitions	1
0	the company shed 100 jobs	3
0	a cold blast of air	3
0	the blast of the shofar on Rosh Hashanah	2
0	as helpless as a flock of shepherdless sheep	2
0	the crowd looked on in helpless horror	6
0	bypass a congested area	1
0	think carefully before answering	4
0	answer for a debt	1
0	a lane marked off by dashed lines	6
0	rafts of kelp	1
0	Finally, the three astronauts, wearing their isolation garments, clambered out of the spacecraft into a rubber raft.	17
0	In addition to a gorgeous 400' long sandy beach with a swim raft, there are 44 boat docks which are licensed to individual … homeowners.	13
0	… has made a living poling a raft on the Suchiate for two decades …	8
0	mists of antiquity	1
0	glazed pottery	1
0	glazed eyes	1
0	glazed doughnuts	1
0	glazed fish	1
0	slipped and fell on his butt	6
0	laces her fingers behind her head	1
0	stumbled, then recovered himself	3
0	Special ships clear passages through the ice.	4
0	the passage of food through the digestive system	2
0	nasal passages	2
0	trapping travelers in an airless limbo	6
0	beyond retrieval	2
0	a dictator who banishes anyone who opposes him	4
0	He was banished from court.	3
0	fold a letter	1
0	fold a tent	1
0	He communicated his dissatisfaction to the staff.	2
0	communicate a story	1
0	Some diseases are easily communicated.	5
0	She communicated her ideas to the group.	2
0	concoct a recipe	1
0	concoct an explanation	1
0	concocted a tropical fruit smoothie	1
0	The dark clouds were considered a bad omen.	8
0	advance a cause	1
0	advance a pawn	1
0	pursue a goal	1
0	was beyond reproach	3
0	The couple said they get … updates and pictures from all the children they've fostered.	15
0	policies that foster cooperation	3
0	They assembled a team of experts to solve the problem.	2
0	assemble a new bicycle	1
0	blood circulates through the body	2
0	conduct a class	1
0	conduct a class	1
0	conduct an opera	1
0	conduct an experiment	1
0	conducted herself in a professional manner	1
0	conduct an investigation	1
0	conduct a business	1
0	His wit is his chief asset.	6
0	a consuming interest	2
0	assume responsibility	1
0	assume control	1
0	join two blocks of wood with glue	1
0	two people joined in marriage	3
0	depress a typewriter key	1
0	letting cheese age	3
0	retired to her room	1
0	Imbalances in any area of this soft tissue, as well as inflexible or weak hip muscles, can pull the kneecap off track …	12
0	Imbalances in any area of this soft tissue, as well as inflexible or weak hip muscles, can pull the kneecap off track …	12
0	took an inflexible stance	3
0	… he pulled out of the talks, saying administration officials were being inflexible	13
0	underused land	1
0	an underused actress	2
0	a flowing river	2
0	flowing handwriting	1
0	examine a prisoner	1
0	… a richly backgrounded study of a silent movie star …	4
0	Graham peoples her novel with genuine, endearing characters and keeps the grisly murders tactfully backgrounded …	15
0	a well-coordinated athlete	2
0	generating profits/growth	1
0	generating profits/growth	1
0	these stories … generate a good deal of psychological suspense	4
0	feared enemies	1
0	the most feared teacher in school	3
0	lowering the tax burden on the middle class	4
0	dropped his burden of firewood	3
0	a heavy burden of guilt	3
0	a tape with adhesive backing	5
0	financial backing	2
0	… he plans to reapply in the spring, when his patio permit is up for reapplication.	16
0	There are some sunscreens designed to be water/sweat proof; typically those products still recommend reapplication every 40-80 minutes.	15
0	the sugar melted in the coffee	3
0	an economy crippled by inflation	3
0	hostilities smoldered for years	2
0	outlived most of his friends	1
0	universities … outlive many political and social changes	3
0	outlive its usefulness	1
0	a flourishing business	2
0	He liked to display his extensive knowledge of Greek mythology.	4
0	He liked to display his extensive knowledge of Greek mythology.	4
0	displayed an interest in music	1
0	She displayed no emotion upon hearing the news.	2
0	The gallery displays the work of local artists.	3
0	… a … shop window displaying shimmering silk scarves …	6
0	If the system displays an error message, you may need to adjust your settings …	4
0	It also comes with a wooden wall mount so you can proudly display it in your living room.	13
0	launched an arrow at a target	1
0	The historical society serves as the guardian of the town's traditions.	7
0	her honesty impressed us	3
0	stocks soared	2
0	a loose connection in the wiring	3
0	water disintegrates the limestone	2
0	The lies disintegrated their marriage.	3
0	the troops embarked at noon	3
0	embarked on a new career	1
0	hibernating animals reemerging after the winter	3
0	After a somewhat quiet year … , he reemerged onstage to uproarious applause this weekend in Chicago …	9
0	… old habits and patterns reemerge …	6
0	the friction of sandpaper on wood	2
0	friction between neighbors	1
0	a ringing baritone	2
0	a ringing condemnation of immorality	2
0	a mutinous crew	2
0	mutinous threats	1
0	regrets his mistakes	1
0	an elevated highway	2
0	elevated conversation	1
0	a solid ball of rubber	2
0	a solid configuration	2
0	pressure upon educational administrators to withdraw academic credit	6
0	withdrew his name from the list of nominees	1
0	I only saw him from the back.	7
0	stifled our anger	1
0	a feeble old man	2
0	a feeble argument	2
0	ratify a treaty	1
0	furnished food and shelter for the refugees	1
0	The inn is beautifully furnished.	5
0	abandon ship	1
0	grasping for support	1
0	the essentials of astronomy	2
0	removing obstructions that block the path	2
0	an intestinal obstruction	3
0	glad to have gotten through the divorce proceedings without any visible signs of hostility	14
0	there was tension, there was hostility and envy in the air	6
0	showed open hostility toward outsiders	3
0	The game requires excellent hand-eye coordination.	6
0	Payment is contingent on fulfillment of certain conditions.	3
0	a plan contingent on the weather	3
0	hand a letter to her	1
0	hand a lady into a bus	1
0	a good teacher predisposes children to learn	4
0	malnutrition predisposes one to disease	2
0	the point at which the two surfaces contact	8
0	poured money into the project	1
0	cater for a large party	1
0	catering to middle-class tastes	1
0	The orbit encloses and protects the eye and its appendages.	2
0	an enterprising young reporter	2
0	They have been avoiding me.	4
0	avoid a plea	1
0	a high-yielding wheat	2
0	scalar chain of authority	1
0	scalar quantity	1
0	scalar cells	1
0	assigned them to light duty	1
0	curl one's hair	1
0	curled his lip in a sneer	1
0	How can I help you?	4
0	bright curtains will help the room	4
0	Can you help me get this jar open?	3
0	He helps the children with their homework.	2
0	manage a bond issue	1
0	manages a baseball team	1
0	an agency that manages entertainers	4
0	ban discrimination	1
0	banned from the U.N.	1
0	ban a book	1
0	Is smoking banned in all public buildings?	3
0	is said to derive its name from a Native American word meaning "wild onion"	4
0	what was derived from their observations	3
0	roughly 20 percent	1
0	The sun beamed its light through the window.	3
0	The house was beamed with heavy timbers.	4
0	borrow a book from the library	1
0	borrow a metaphor from Shakespeare	1
0	borrowing a cup of sugar from a neighbor	1
0	borrowed a dollar	1
0	a canceled check	2
0	cancel a football game	1
0	measures of traffic density	4
0	felt that the candidate's density on the subject of equality was alarming	5
0	the density of the cake	2
0	a canceled check	2
0	cancel a football game	1
0	… I caught him boasting … about how popular he had become. Oh well, he could have been joking only, but to me I find it very assuming of him.	28
0	When speaking about newly signed left guard Andrew Norwell, [Tom] Coughlin was quick to speak in a very assuming way of how this offense is going to play.	19
0	When there are conversations centering around sexual assault, they tend to be very assuming of heterosexual dynamics.	14
0	risked her life	1
0	risked breaking his neck	1
0	ideas simmering in the back of my mind	2
0	the vanes of a windmill	2
0	well schooled in languages	2
0	The child was schooled at great cost to her family.	4
0	rugged mountains	1
0	… misidentified as … a flying reptile, not a feathered dinosaur …	10
0	He was a big man, and in his costume— … feathered anklets, feathered gauntlets, beaded headband … —he seemed magnified in every dimension, almost a spirit-being.	11
0	referring to birds as "our feathered friends"	6
0	coil a rope	1
0	coiled herself up on the couch	1
0	the sun blazed overhead	3
0	fields blazing with flowers	2
0	a decorative motif	3
0	Ms. Cisneros doesn't present too many nice guys here, and the perfidy of men is a motif in several of the stories.	17
0	"How queer it seems," Alice said to herself, "to be going messages for a rabbit!"	2
0	The endless and numberless avenues of bewildering pine woods gave him a queer feeling that he was driving through the countless corridors of a dream.	13
0	scan poetry	1
0	Teachers are negotiating for higher salaries.	3
0	dip candles	1
0	dancing to our favorite song	1
0	dance for joy	1
0	Shall we dance?	3
0	suppress a riot	1
0	apprehend a thief	1
0	She immediately apprehended the problem.	3
0	overexcited children	1
0	an overexcited imagination	2
0	overexcited neurons	1
0	a grizzled beard	2
0	a grizzled veteran	2
0	wrote a hilarious parody of a popular song	4
0	a cheesy parody of a classic western	3
0	wrote a hilarious parody of a popular song	4
0	a cheesy parody of a classic western	3
0	Their hair was sleek, of a slightly other period, immaculate pageboys and French twists.	11
0	a mirror reflects light	3
0	the clouds were reflected in the water	4
0	a veiled hat	2
0	veiled threats	1
0	the seventeenth century lay in the penumbra of the middle ages	7
0	foxy grapes	1
0	Group identity in oppressed groups is always very strategic, always a calculation of advantage.	4
0	They are neither oppressed minorities, whose needs have been etched into the nation's consciousness, nor members of the ruling elite, born with their hands on the reins of power.	4
0	shut the lid	1
0	shut herself in her study	1
0	hit by an avalanche of paperwork	4
0	somber dignitaries	1
0	She aims to win.	2
0	Aim carefully before shooting.	1
0	Darting down the corridor …, she reappeared moments later carrying glasses in filigreed silver holders …	7
0	By year's end the insects have gone, only to reappear briefly in May.	10
0	variegated leaves	1
0	a brave soldier	2
0	brave banners flying in the wind	1
0	a brave smile	2
0	Storm clouds loomed on the horizon.	3
0	deficits loomed large	2
0	spoke in low tones	4
0	masculine tones	2
0	pabulum for consideration and reflection	1
0	Roots deliver pabulum to the plant.	3
0	a howling storm	2
0	a howling wilderness	2
0	swap stories	1
0	it is cold outside today	3
0	a cold stare	2
0	a cold drafty attic	2
0	the music was a turnoff	5
0	hop in the car	1
0	horny-handed	1
0	a horny growth	2
0	protesters were chanting outside	3
0	What is there to cheer about?	5
0	extract data	1
0	designed to be a forgiving tennis racquet	5
0	spokes attached to the hub of the wheel	5
0	The island is a major tourist hub.	7
0	stale bread	1
0	a stale routine	2
0	a tart apple	2
0	a tart rejoinder	2
0	wade through the crowd	1
0	The jury absolved the defendants of their crimes.	3
0	asked the priest to absolve his sins	5
0	Her youth does not absolve her of responsibility for her actions.	5
0	The pills made her drowsy.	5
0	a drowsy village	2
0	a creamy consistency	2
0	cut costs to the bone	5
0	Give Me Liberty, the Milwaukee-made movie that received good notices at this year's Sundance Film Festival and the Cannes Film Festival, will come home for its U.S. theatrical premiere, Aug. 22 at the Oriental Theatre.	28
0	a theatrical costume	2
0	a theatrical gesture	2
0	a powerful theatrical performance	3
0	a theatrical troupe	2
0	an actor with a flair for melodrama	7
0	The trial turned into a melodrama.	6
0	fumes leak in	2
0	confidential information leaked out	3
0	his stomach growled	3
0	a blossoming talent	2
0	They were doubtful about the advantages of the new system.	3
0	of doubtful repute	2
0	a vegetable plot	3
0	would not disclose his salary	3
0	… a new initiative targeting brothels and massage parlors fronting for sex trafficking rings.	10
0	a ten-acre plot fronting on a lake	4
0	irritated eyes	1
0	doesn't recall dreaming last night	3
0	dreaming of a better future	1
0	dream of departed loved ones	1
0	hidden among the trees	2
0	living among artists	2
0	tie a fishing fly	1
0	tie a fishing fly	1
0	clear the water by filtering	1
0	the opportunity to clear himself	4
0	reopen discussion	1
0	a glamorous actress	2
0	a glamorous life	2
0	doesn't recall dreaming last night	3
0	dreaming of a better future	1
0	dream of departed loved ones	1
0	cram a suitcase with clothes	1
0	a novel crammed with surprises	3
0	a dog chasing a rabbit	3
0	sort apples	1
0	sort mail	1
0	a boiling sea	2
0	the flight of a bee	2
0	flight of an arrow	1
0	swing an ax	1
0	the heat dampened our spirits	3
0	the shower barely dampened the ground	4
0	the legs of a tripod	2
0	positioned the chairs around the room	1
0	positioned the company in the global market	1
0	drive cattle across the prairie	1
0	drives a hard bargain	1
0	Americans cringed … at the use of a term now regarded as a slur	2
0	The terrified animal cringed in the corner.	4
0	Americans cringed … at the use of a term now regarded as a slur	2
0	The terrified animal cringed in the corner.	4
0	The addition expanded the kitchen.	2
0	The clerk was a recent addition to the staff.	6
0	adds 60 acres to his land	1
0	Do you have anything else to add to the discussion?	7
0	wine adds a creative touch to cooking	2
0	the healing miracles described in the Gospels	3
0	The bridge is a miracle of engineering.	5
0	These jeans don't fit me anymore.	4
0	My first impression of Joy was that her name fit her perfectly. She radiated joy and calmness …	10
0	the fox trotted over the knoll	3
0	Let's face it: The process of waiting for your hair to loc can be both lengthy and frustrating.	12
0	Chris Gilliam, 37, a 14-year veteran of the Dallas Police Department who began wearing locks last fall, was drawn to the style's symbolism. "If left to its own devices, our hair will lock. People, left to our own devices, maybe we will come together too," he says.	33
0	You can choose to let the hair loc and then separate it. But you can also part the hair in advance to divide it into distinct sections.	8
0	holds a PhD	1
0	holds a PhD	1
0	holds property worth millions	1
0	the bank holds the title to the car	3
0	the corruption of computer files	2
0	the corruption of computer files	2
0	media bashing	2
0	a proposal that smacks of treason	4
0	an economy crippled by inflation	3
0	a fabulous view from the summit	2
0	fabulous wealth	1
0	fabulous dragons	1
